<?xml version="1.0" encoding="UTF-8"?><rss version="2.0"
	xmlns:content="http://purl.org/rss/1.0/modules/content/"
	xmlns:wfw="http://wellformedweb.org/CommentAPI/"
	xmlns:dc="http://purl.org/dc/elements/1.1/"
	xmlns:atom="http://www.w3.org/2005/Atom"
	xmlns:sy="http://purl.org/rss/1.0/modules/syndication/"
	xmlns:slash="http://purl.org/rss/1.0/modules/slash/"
	>

<channel>
	<title>Long Working Hours Are A Killer WHO Study Shows &#8211; IC-rs Myroom Houston HPE</title>
	<atom:link href="/tag/long-working-hours-are-a-killer-who-study-shows/feed/" rel="self" type="application/rss+xml" />
	<link></link>
	<description></description>
	<lastBuildDate>Sun, 18 Feb 2024 18:36:04 +0000</lastBuildDate>
	<language>en-US</language>
	<sy:updatePeriod>
	hourly	</sy:updatePeriod>
	<sy:updateFrequency>
	1	</sy:updateFrequency>
	<generator>https://wordpress.org/?v=6.4.3</generator>

<image>
	<url>/wp-content/uploads/2023/07/live-favicon.jpg</url>
	<title>Long Working Hours Are A Killer WHO Study Shows &#8211; IC-rs Myroom Houston HPE</title>
	<link></link>
	<width>32</width>
	<height>32</height>
</image> 
	<item>
		<title>Long Working Hours Are A Killer WHO Study Shows</title>
		<link>/long-working-hours-are-a-killer-who-study-shows/</link>
					<comments>/long-working-hours-are-a-killer-who-study-shows/#respond</comments>
		
		<dc:creator><![CDATA[admin]]></dc:creator>
		<pubDate>Tue, 16 Jan 2024 13:43:43 +0000</pubDate>
				<category><![CDATA[Health & Fitness]]></category>
		<category><![CDATA[Long Working Hours Are A Killer WHO Study Shows]]></category>
		<guid isPermaLink="false">/?p=485</guid>

					<description><![CDATA[Working long hours is killing hundreds of thousands of people a year in a worsening trend that may accelerate further due to the Covid-19 pandemic, the World Health Organization said on Monday. In the first global study of the loss...]]></description>
										<content:encoded><![CDATA[<p style="text-align: justify;">Working long hours is killing hundreds of thousands of people a year in a worsening trend that may accelerate further due to the Covid-19 pandemic, the World Health Organization said on Monday. In the first global study of the loss of life associated with longer working hours, the paper in the journal Environment International showed that 745,000 people died from stroke and heart disease associated with long working hours in 2016.</p>
<p style="text-align: justify;">That was an increase of nearly 30 percent from 2000. Working 55 hours or more per week is a serious health hazard,&#8221; said Maria Neira, director of the WHO&#8217;s Department of Environment, Climate Change and Health. What we want to do with this information is promote more action, more protection of workers,&#8221; she said. The joint study, produced by the WHO and the International Labour Organization, showed that most victims (72 percent) were men and were middle-aged or older. Often, the deaths occurred much later in life, sometimes decades later, than the shifts worked.</p>
<p style="text-align: justify;">It also showed that people living in Southeast Asia and the Western Pacific region &#8212; a WHO-defined region which includes China, Japan and Australia &#8212; were the most affected. Overall, the study &#8211; drawing on data from 194 countries &#8211; said that working 55 hours or more a week is associated with a 35 percent higher risk of stroke and a 17 percent higher risk of dying from ischemic heart disease compared with a 35-40 hour working week.</p>
<p style="text-align: justify;">The study covered the period 2000-2016, and so did not include the Covid-19 pandemic, but WHO officials said the surge in remote working and the global economic slowdown resulting from the coronavirus emergency may have increased the risks. The pandemic is accelerating developments that could feed the trend towards increased working time,&#8221; the WHO said, estimating that at least 9 percent of people work long hours.</p>
<p style="text-align: justify;">WHO staff, including its chief Tedros Adhanom Ghebreyesus, say they have been working long hours during the pandemic and Neira said the UN agency would seek to improve its policy in light of the study. Capping hours would be beneficial for employers since that has been shown to increase worker productivity, WHO technical officer Frank Pega said. It&#8217;s really a smart choice not to increase long working hours in an economic crisis.&#8221;</p>
]]></content:encoded>
					
					<wfw:commentRss>/long-working-hours-are-a-killer-who-study-shows/feed/</wfw:commentRss>
			<slash:comments>0</slash:comments>
		
		
			</item>
	</channel>
</rss>
