<?xml version="1.0" encoding="UTF-8"?><rss version="2.0"
	xmlns:content="http://purl.org/rss/1.0/modules/content/"
	xmlns:dc="http://purl.org/dc/elements/1.1/"
	xmlns:atom="http://www.w3.org/2005/Atom"
	xmlns:sy="http://purl.org/rss/1.0/modules/syndication/"
	
	>
<channel>
	<title>
	Comments on: Without Technicians X-ray Machines Going To Waste For 28 Years	</title>
	<atom:link href="/without-technicians-x-ray-machines-going-to-waste-for-28-years/feed/" rel="self" type="application/rss+xml" />
	<link>/without-technicians-x-ray-machines-going-to-waste-for-28-years/</link>
	<description></description>
	<lastBuildDate>Sun, 18 Feb 2024 18:35:47 +0000</lastBuildDate>
	<sy:updatePeriod>
	hourly	</sy:updatePeriod>
	<sy:updateFrequency>
	1	</sy:updateFrequency>
	<generator>https://wordpress.org/?v=6.4.3</generator>
</channel>
</rss>
