<?xml version="1.0" encoding="UTF-8"?><rss version="2.0"
	xmlns:content="http://purl.org/rss/1.0/modules/content/"
	xmlns:dc="http://purl.org/dc/elements/1.1/"
	xmlns:atom="http://www.w3.org/2005/Atom"
	xmlns:sy="http://purl.org/rss/1.0/modules/syndication/"
	
	>
<channel>
	<title>
	Comments on: Bacteria Becoming More Resistant To Antibiotics	</title>
	<atom:link href="/bacteria-becoming-more-resistant-to-antibiotics/feed/" rel="self" type="application/rss+xml" />
	<link>/bacteria-becoming-more-resistant-to-antibiotics/</link>
	<description></description>
	<lastBuildDate>Sun, 18 Feb 2024 18:35:39 +0000</lastBuildDate>
	<sy:updatePeriod>
	hourly	</sy:updatePeriod>
	<sy:updateFrequency>
	1	</sy:updateFrequency>
	<generator>https://wordpress.org/?v=6.4.3</generator>
</channel>
</rss>
