<?xml version="1.0" encoding="UTF-8"?><rss version="2.0"
	xmlns:content="http://purl.org/rss/1.0/modules/content/"
	xmlns:wfw="http://wellformedweb.org/CommentAPI/"
	xmlns:dc="http://purl.org/dc/elements/1.1/"
	xmlns:atom="http://www.w3.org/2005/Atom"
	xmlns:sy="http://purl.org/rss/1.0/modules/syndication/"
	xmlns:slash="http://purl.org/rss/1.0/modules/slash/"
	>

<channel>
	<title>Bacteria Becoming More Resistant To Antibiotics &#8211; IC-rs Myroom Houston HPE</title>
	<atom:link href="/tag/bacteria-becoming-more-resistant-to-antibiotics/feed/" rel="self" type="application/rss+xml" />
	<link></link>
	<description></description>
	<lastBuildDate>Sun, 18 Feb 2024 18:35:39 +0000</lastBuildDate>
	<language>en-US</language>
	<sy:updatePeriod>
	hourly	</sy:updatePeriod>
	<sy:updateFrequency>
	1	</sy:updateFrequency>
	<generator>https://wordpress.org/?v=6.4.3</generator>

<image>
	<url>/wp-content/uploads/2023/07/live-favicon.jpg</url>
	<title>Bacteria Becoming More Resistant To Antibiotics &#8211; IC-rs Myroom Houston HPE</title>
	<link></link>
	<width>32</width>
	<height>32</height>
</image> 
	<item>
		<title>Bacteria Becoming More Resistant To Antibiotics</title>
		<link>/bacteria-becoming-more-resistant-to-antibiotics/</link>
					<comments>/bacteria-becoming-more-resistant-to-antibiotics/#respond</comments>
		
		<dc:creator><![CDATA[admin]]></dc:creator>
		<pubDate>Tue, 16 Jan 2024 13:55:11 +0000</pubDate>
				<category><![CDATA[Health & Fitness]]></category>
		<category><![CDATA[Bacteria Becoming More Resistant To Antibiotics]]></category>
		<guid isPermaLink="false">/?p=497</guid>

					<description><![CDATA[Multi-drug resistance in bacteria has increased by 14 percent over the last seven years, and most of them are getting even more resistant to certain antibiotics, said a national AMR (antimicrobial resistance) surveillance report. The group of MDR bacteria is...]]></description>
										<content:encoded><![CDATA[<p style="text-align: justify;">Multi-drug resistance in bacteria has increased by 14 percent over the last seven years, and most of them are getting even more resistant to certain antibiotics, said a national AMR (antimicrobial resistance) surveillance report. The group of MDR bacteria is getting bigger due to the increasing resistance, causing serious public health concerns, it added. MDR refers to a bacterium that becomes resistant to at least one drug from three or more groups of antibiotics.</p>
<p style="text-align: justify;">As per the report, MDR resistance, which was at 71 percent in 2017, had risen to 82 percent by June this year. Over time, most bacteria are developing increasing resistance to antibiotics, particularly the frequently used ones. Prof Zakir Hossain Habib, chief scientific officer of IEDCR and member secretary of AMR Surveillance Sectoral Working Group (Human Health), presented the findings of the National AMR Surveillance 2023 during a programme yesterday at IEDCR, marking World AMR Awareness Week. While the report notes a significant difference in bacteria resistance between outpatient departments and indoors, the microorganisms isolated from ICUs show the least effectiveness.</p>
<p style="text-align: justify;">Acinetobacter, Pseudomonas aeruginosa, K pneumoniae, and Staph aureus are among the bacteria that are highly antibiotic-resistant. The report blamed repeated and excessive use of medicine for this situation. Ceftriaxone and Cefixime are listed as most frequently used antibiotics that are experiencing a decrease in effectiveness, and bacterial resistance against both of them is on the rise, said the report. Md Jahangir Alam, secretary of health services division at the health ministry, said, &#8220;Doctors need to be more aware and reduce antibiotic usage to promote a healthy life.&#8221;</p>
<p style="text-align: justify;">He stressing the need for increased research and laboratory facilities. Prof Abul Bashar Mohammad Khurshid Alam, director general of DGHS, urged everyone to adhere to infection prevention practises. &#8220;Solely relying on antibiotic use would not prevent the rapid increase of AMR. A collective effort is required for that,&#8221; he said. Meerjady Sabrina Flora, director of National Institute of Preventive and Social Medicine, highlighted the need to refrain from prescribing antibiotics without proper tests. She urged the authorities, including the Drug Administration, to take measures to curb the aggressive marketing tactics employed by pharmaceutical companies that encourage the indiscriminate prescription of antibiotics.</p>
<p style="text-align: justify;">
]]></content:encoded>
					
					<wfw:commentRss>/bacteria-becoming-more-resistant-to-antibiotics/feed/</wfw:commentRss>
			<slash:comments>0</slash:comments>
		
		
			</item>
	</channel>
</rss>
