<?xml version="1.0" encoding="UTF-8"?><rss version="2.0"
	xmlns:content="http://purl.org/rss/1.0/modules/content/"
	xmlns:dc="http://purl.org/dc/elements/1.1/"
	xmlns:atom="http://www.w3.org/2005/Atom"
	xmlns:sy="http://purl.org/rss/1.0/modules/syndication/"
	
	>
<channel>
	<title>
	Comments on: Rise In Dengue Patients DMCH Faces Acute Shortage Of Beds	</title>
	<atom:link href="/rise-in-dengue-patients-dmch-faces-acute-shortage-of-beds/feed/" rel="self" type="application/rss+xml" />
	<link>/rise-in-dengue-patients-dmch-faces-acute-shortage-of-beds/</link>
	<description></description>
	<lastBuildDate>Sun, 18 Feb 2024 18:35:52 +0000</lastBuildDate>
	<sy:updatePeriod>
	hourly	</sy:updatePeriod>
	<sy:updateFrequency>
	1	</sy:updateFrequency>
	<generator>https://wordpress.org/?v=6.4.3</generator>
</channel>
</rss>
