<?xml version="1.0" encoding="UTF-8"?><rss version="2.0"
	xmlns:content="http://purl.org/rss/1.0/modules/content/"
	xmlns:wfw="http://wellformedweb.org/CommentAPI/"
	xmlns:dc="http://purl.org/dc/elements/1.1/"
	xmlns:atom="http://www.w3.org/2005/Atom"
	xmlns:sy="http://purl.org/rss/1.0/modules/syndication/"
	xmlns:slash="http://purl.org/rss/1.0/modules/slash/"
	>

<channel>
	<title>Rise In Dengue Patients DMCH Faces Acute Shortage Of Beds &#8211; IC-rs Myroom Houston HPE</title>
	<atom:link href="/tag/rise-in-dengue-patients-dmch-faces-acute-shortage-of-beds/feed/" rel="self" type="application/rss+xml" />
	<link></link>
	<description></description>
	<lastBuildDate>Sun, 18 Feb 2024 18:35:52 +0000</lastBuildDate>
	<language>en-US</language>
	<sy:updatePeriod>
	hourly	</sy:updatePeriod>
	<sy:updateFrequency>
	1	</sy:updateFrequency>
	<generator>https://wordpress.org/?v=6.4.3</generator>

<image>
	<url>/wp-content/uploads/2023/07/live-favicon.jpg</url>
	<title>Rise In Dengue Patients DMCH Faces Acute Shortage Of Beds &#8211; IC-rs Myroom Houston HPE</title>
	<link></link>
	<width>32</width>
	<height>32</height>
</image> 
	<item>
		<title>Rise In Dengue Patients DMCH Faces Acute Shortage Of Beds</title>
		<link>/rise-in-dengue-patients-dmch-faces-acute-shortage-of-beds/</link>
					<comments>/rise-in-dengue-patients-dmch-faces-acute-shortage-of-beds/#respond</comments>
		
		<dc:creator><![CDATA[admin]]></dc:creator>
		<pubDate>Tue, 16 Jan 2024 13:50:47 +0000</pubDate>
				<category><![CDATA[Health & Fitness]]></category>
		<category><![CDATA[Rise In Dengue Patients DMCH Faces Acute Shortage Of Beds]]></category>
		<guid isPermaLink="false">/?p=491</guid>

					<description><![CDATA[Eleven-year-old Saima was excited about getting a sibling in just two months. Yet here, she is being consoled by a relative as she wails, having learned that her eight-month-pregnant mother Farzana just died from dengue in Mugda Medical College Hospital’s...]]></description>
										<content:encoded><![CDATA[<p style="text-align: justify;">Eleven-year-old Saima was excited about getting a sibling in just two months. Yet here, she is being consoled by a relative as she wails, having learned that her eight-month-pregnant mother Farzana just died from dengue in Mugda Medical College Hospital’s ICU yesterday morning.PHOTO: ANISUR RAHMAN Twenty-year-old Mohammad Sakib was admitted to Dhaka Medical College Hospital on Sunday as he was experiencing severe weakness a dengue symptom that is considered a &#8220;warning sign&#8221;.</p>
<p style="text-align: justify;">However, as there was not a single bed available, his father had to buy a mat for him to be placed on the floor of the medicine unit, where he is still undergoing treatment. I was diagnosed with typhoid and dengue, both. I am doing a bit better now. But I plan to leave my job and go to my village home once my condition improves, as where I live and work right now in the city – Matuail – lacks anti-mosquito activities,&#8221; said Sakib. Like Sakib, many patients at DMCH are being treated on the floor due to a scarcity of beds.</p>
<p style="text-align: justify;">Riaz Uddin, a doctor at the medicine ward, said, &#8220;We don&#8217;t send back patients who are in a critical stage with such warning signs, comorbidity patients, or those in high risk. As we have a scarcity of beds, we are trying to make space on the floor in order to ensure their treatment,&#8221; he said. HM Nazmul Ahsan, associate professor at Shaheed Suhrawardy Medical College Hospital, said immediate hospitalisation is required if a patient experiences severe stomach aches, breathing difficulty, severe weakness, vomiting, and/or bleeding from gums and nose.</p>
<p style="text-align: justify;">If a patient is not hospitalised within 24 hours [of these symptoms surfacing], they may go into dengue shock syndrome. Zaheda Begum, an aunt of Abir, 15, who has been in DMCH since Saturday, said they also had to get a mat to use as a bed on the floor for him. However, with continuous treatment, Abir is doing well now.&#8221; Morshed Alam, 30, a resident of Cumilla&#8217;s Daudkandi, was admitted to DMCH with dengue on Sunday and was about to get his treatment started after his test reports were available. But as I wasplaced on the floor, my test reports, along with my mobile phone, were all stolen.&#8221;</p>
<p style="text-align: justify;">Meanwhile, a doctor died of dengue fever at Dhaka Medical College Hospital (DMCH) in the early hours ofyesterday. Almina Dewan Mishu, 32, was a 39th BCS cadre officer. She had been under treatment at the hospital&#8217;s ICU since August 1. Earlier, she was at a private hospital after being diagnosed with dengue on July 26, and then was transferred to DMCH as her condition deteriorated. She was declared dead around 5:30am, DMCH Director Brig Gen Md Nazmul Haque told The Daily Star.</p>
<p style="text-align: justify;">She was buried at her ancestral graveyard in Narayanganj&#8217;s Kanchan municipality. The Directorate General of Health Services expressed deep condolences at the death. According to the DGHS, with the deaths of Almina and 12 others yesterday, the number of dengue fatalities rose to 340, of which 194 are female and 146 are male. Eleven of the deaths occurred in Dhaka city. Meanwhile, 2,742 dengue patients were hospitalised across the country in the last 24 hours till yesterday morning, bringing the total number of cases to 72,225.</p>
]]></content:encoded>
					
					<wfw:commentRss>/rise-in-dengue-patients-dmch-faces-acute-shortage-of-beds/feed/</wfw:commentRss>
			<slash:comments>0</slash:comments>
		
		
			</item>
	</channel>
</rss>
